-- ============================================================================
-- MediLingo — Seed: Modules 7–10 for course 'medical-english-essentials'
-- AI-drafted content — pending physician validation (content pipeline:
-- AI draft → physician validates → publish).
--
-- Course: 11111111-1111-1111-1111-111111111111 (medical-english-essentials)
-- Module 7  (cccc0007): Emergency & Urgent Care
-- Module 8  (cccc0008): Lab Tests & Imaging
-- Module 9  (cccc0009): Diagnosis & Treatment Plans
-- Module 10 (cccc0010): Clinical Cases & Course Review
-- All UUIDs minted here start with 'cccc' (collision avoidance with aaaa/bbbb).
-- ============================================================================

-- Modules --------------------------------------------------------------------
INSERT INTO modules (id, course_id, slug, title, description, sort_order, is_published)
VALUES
  ('cccc0007-0000-4000-8000-000000000000', '11111111-1111-1111-1111-111111111111',
   'emergency-room', 'Emergency & Urgent Care',
   'Triage, emergency phrases, trauma, and chest-pain protocols under time pressure.',
   6, TRUE),
  ('cccc0008-0000-4000-8000-000000000000', '11111111-1111-1111-1111-111111111111',
   'lab-tests-imaging', 'Lab Tests & Imaging',
   'Blood work, urinalysis, X-ray, CT and MRI — ordering tests and explaining results.',
   7, TRUE),
  ('cccc0009-0000-4000-8000-000000000000', '11111111-1111-1111-1111-111111111111',
   'giving-diagnosis-treatment', 'Diagnosis & Treatment Plans',
   'Delivering a diagnosis, explaining prognosis and treatment options, informed consent.',
   8, TRUE),
  ('cccc0010-0000-4000-8000-000000000000', '11111111-1111-1111-1111-111111111111',
   'clinical-cases-review', 'Clinical Cases & Course Review',
   'Integrated clinical-case dialogues and a full review of the course.',
   9, TRUE)
ON CONFLICT (id) DO NOTHING;

-- Lessons --------------------------------------------------------------------
-- Module 7: Emergency & Urgent Care
INSERT INTO lessons (id, module_id, slug, title, description, lesson_type, difficulty, estimated_minutes, xp_reward, sort_order, is_published, intro_text, completion_text)
VALUES
  ('cccc0701-0000-4000-8000-000000000000', 'cccc0007-0000-4000-8000-000000000000', 'triage',
   'Triage & Priorities', 'Assess acuity and sort patients: emergent, urgent, and non-urgent.', 'standard', 'intermediate', 7, 50, 0, TRUE,
   'Learn the English of triage: acuity levels, vital signs, and rapid questions.',
   'Excellent! You can now triage patients in English.'),
  ('cccc0702-0000-4000-8000-000000000000', 'cccc0007-0000-4000-8000-000000000000', 'emergency-phrases',
   'Emergency Phrases', 'High-frequency commands and questions for the resuscitation bay.', 'standard', 'intermediate', 7, 50, 1, TRUE,
   'Learn the short, direct phrases used during an emergency.',
   'Well done! You can now give clear emergency instructions in English.'),
  ('cccc0703-0000-4000-8000-000000000000', 'cccc0007-0000-4000-8000-000000000000', 'chest-pain',
   'Chest Pain Protocol', 'Assess chest pain: onset, radiation, associated symptoms, and red flags.', 'standard', 'intermediate', 8, 50, 2, TRUE,
   'Learn how to work up chest pain in English, step by step.',
   'Great job! You can now assess chest pain in English.'),
  ('cccc0704-0000-4000-8000-000000000000', 'cccc0007-0000-4000-8000-000000000000', 'trauma-basics',
   'Trauma Basics', 'The primary survey: airway, breathing, circulation, disability, exposure.', 'standard', 'advanced', 8, 50, 3, TRUE,
   'Learn the ABCDE trauma vocabulary in English.',
   'Outstanding! You can now run a primary survey in English.'),
  ('cccc0705-0000-4000-8000-000000000000', 'cccc0007-0000-4000-8000-000000000000', 'emergency-review',
   'Emergency Review', 'Consolidate the emergency and urgent-care vocabulary from this module.', 'review', 'intermediate', 5, 50, 4, TRUE,
   'Time to review the emergency vocabulary you have learned.',
   'You have mastered the core emergency-care vocabulary of this module.')
ON CONFLICT (id) DO NOTHING;

-- Module 8: Lab Tests & Imaging
INSERT INTO lessons (id, module_id, slug, title, description, lesson_type, difficulty, estimated_minutes, xp_reward, sort_order, is_published, intro_text, completion_text)
VALUES
  ('cccc0801-0000-4000-8000-000000000000', 'cccc0008-0000-4000-8000-000000000000', 'blood-work',
   'Blood Work', 'Order and explain a CBC, metabolic panel, and common blood tests.', 'standard', 'intermediate', 7, 50, 0, TRUE,
   'Learn the English names of common blood tests and how to explain them.',
   'Excellent! You can now discuss blood work in English.'),
  ('cccc0802-0000-4000-8000-000000000000', 'cccc0008-0000-4000-8000-000000000000', 'urinalysis',
   'Urinalysis & Samples', 'Request urine and other samples and explain how to collect them.', 'standard', 'intermediate', 6, 50, 1, TRUE,
   'Learn how to request a sample and give clear collection instructions.',
   'Well done! You can now request and explain lab samples in English.'),
  ('cccc0803-0000-4000-8000-000000000000', 'cccc0008-0000-4000-8000-000000000000', 'x-ray-ct-mri',
   'X-ray, CT & MRI', 'Explain imaging studies, contrast, and safety questions.', 'standard', 'intermediate', 7, 50, 2, TRUE,
   'Learn the vocabulary of medical imaging in English.',
   'Great job! You can now explain imaging studies in English.'),
  ('cccc0804-0000-4000-8000-000000000000', 'cccc0008-0000-4000-8000-000000000000', 'explaining-results',
   'Explaining Results', 'Communicate normal and abnormal results clearly and kindly.', 'standard', 'advanced', 7, 50, 3, TRUE,
   'Learn how to explain test results to a patient in plain English.',
   'Excellent! You can now explain lab and imaging results in English.'),
  ('cccc0805-0000-4000-8000-000000000000', 'cccc0008-0000-4000-8000-000000000000', 'labs-review',
   'Labs & Imaging Review', 'Consolidate the lab and imaging vocabulary from this module.', 'review', 'intermediate', 5, 50, 4, TRUE,
   'Time to review the lab and imaging vocabulary you have learned.',
   'You have mastered the core lab and imaging vocabulary of this module.')
ON CONFLICT (id) DO NOTHING;

-- Module 9: Diagnosis & Treatment Plans
INSERT INTO lessons (id, module_id, slug, title, description, lesson_type, difficulty, estimated_minutes, xp_reward, sort_order, is_published, intro_text, completion_text)
VALUES
  ('cccc0901-0000-4000-8000-000000000000', 'cccc0009-0000-4000-8000-000000000000', 'giving-diagnosis',
   'Giving a Diagnosis', 'Deliver a diagnosis clearly, check understanding, and answer questions.', 'standard', 'advanced', 7, 50, 0, TRUE,
   'Learn how to deliver a diagnosis in clear, compassionate English.',
   'Excellent! You can now give a diagnosis in English.'),
  ('cccc0902-0000-4000-8000-000000000000', 'cccc0009-0000-4000-8000-000000000000', 'explaining-prognosis',
   'Explaining Prognosis', 'Talk about likely outcomes and timelines honestly and clearly.', 'standard', 'advanced', 7, 50, 1, TRUE,
   'Learn the English for discussing prognosis with a patient.',
   'Well done! You can now discuss prognosis in English.'),
  ('cccc0903-0000-4000-8000-000000000000', 'cccc0009-0000-4000-8000-000000000000', 'treatment-options',
   'Treatment Options', 'Present treatment options, benefits, and risks for shared decisions.', 'standard', 'advanced', 8, 50, 2, TRUE,
   'Learn how to present treatment options in English.',
   'Great job! You can now discuss treatment options in English.'),
  ('cccc0904-0000-4000-8000-000000000000', 'cccc0009-0000-4000-8000-000000000000', 'informed-consent',
   'Informed Consent', 'Explain a procedure, its risks, and obtain informed consent.', 'standard', 'advanced', 8, 50, 3, TRUE,
   'Learn the language of informed consent in English.',
   'Outstanding! You can now obtain informed consent in English.'),
  ('cccc0905-0000-4000-8000-000000000000', 'cccc0009-0000-4000-8000-000000000000', 'diagnosis-review',
   'Diagnosis & Treatment Review', 'Consolidate the diagnosis and treatment vocabulary from this module.', 'review', 'advanced', 5, 50, 4, TRUE,
   'Time to review the diagnosis and treatment vocabulary you have learned.',
   'You have mastered the core diagnosis and treatment vocabulary of this module.')
ON CONFLICT (id) DO NOTHING;

-- Module 10: Clinical Cases & Course Review
INSERT INTO lessons (id, module_id, slug, title, description, lesson_type, difficulty, estimated_minutes, xp_reward, sort_order, is_published, intro_text, completion_text)
VALUES
  ('cccc1001-0000-4000-8000-000000000000', 'cccc0010-0000-4000-8000-000000000000', 'case-abdominal-pain',
   'Case: Abdominal Pain', 'Work through a full clinical encounter for acute abdominal pain.', 'clinical_case', 'advanced', 8, 50, 0, TRUE,
   'Put it all together: a complete encounter for abdominal pain in English.',
   'Excellent! You handled a full abdominal-pain case in English.'),
  ('cccc1002-0000-4000-8000-000000000000', 'cccc0010-0000-4000-8000-000000000000', 'case-shortness-of-breath',
   'Case: Shortness of Breath', 'Work through a full clinical encounter for dyspnea.', 'clinical_case', 'advanced', 8, 50, 1, TRUE,
   'Put it all together: a complete encounter for shortness of breath.',
   'Well done! You handled a full dyspnea case in English.'),
  ('cccc1003-0000-4000-8000-000000000000', 'cccc0010-0000-4000-8000-000000000000', 'case-diabetes-followup',
   'Case: Diabetes Follow-up', 'Work through a chronic-disease follow-up visit for diabetes.', 'clinical_case', 'advanced', 7, 50, 2, TRUE,
   'Put it all together: a diabetes follow-up visit in English.',
   'Great job! You handled a full diabetes follow-up in English.'),
  ('cccc1004-0000-4000-8000-000000000000', 'cccc0010-0000-4000-8000-000000000000', 'course-review-1',
   'Course Review: Communication', 'Review core communication vocabulary from the whole course.', 'review', 'intermediate', 6, 50, 3, TRUE,
   'Review the essential communication vocabulary of the course.',
   'Outstanding! You have reviewed the core communication vocabulary.'),
  ('cccc1005-0000-4000-8000-000000000000', 'cccc0010-0000-4000-8000-000000000000', 'course-final',
   'Course Final Review', 'A final review across all ten modules of the course.', 'test', 'advanced', 8, 50, 4, TRUE,
   'The final review: everything you have learned across the course.',
   'Congratulations! You have completed Medical English Essentials.')
ON CONFLICT (id) DO NOTHING;

-- Exercises ------------------------------------------------------------------
-- Module 7, Lesson 1: Triage
INSERT INTO exercises (id, lesson_id, exercise_type, prompt, correct_answer, explanation, explanation_es, xp_reward, sort_order, metadata, is_published)
VALUES
  ('cccc0701-0001-4000-8000-000000000000', 'cccc0701-0000-4000-8000-000000000000', 'multiple_choice',
   'A patient arrives with severe difficulty breathing. What triage level is this?',
   'Emergent — needs immediate care',
   'Severe respiratory distress is emergent and must be seen immediately.',
   'La dificultad respiratoria grave es emergente y debe atenderse de inmediato.',
   10, 0, '{"shuffle_options": true}'::jsonb, TRUE),
  ('cccc0701-0002-4000-8000-000000000000', 'cccc0701-0000-4000-8000-000000000000', 'translation',
   'Translate to English: "¿Cuándo comenzaron los síntomas?"',
   'When did the symptoms start?',
   'A rapid onset question is essential during triage.',
   'Preguntar por el inicio de los síntomas es esencial en el triaje.',
   10, 1, '{"source_language": "es", "target_language": "en", "source_text": "¿Cuándo comenzaron los síntomas?", "acceptable_translations": ["When did the symptoms start?", "When did the symptoms begin?"], "key_terms": ["symptoms", "start"]}'::jsonb, TRUE),
  ('cccc0701-0003-4000-8000-000000000000', 'cccc0701-0000-4000-8000-000000000000', 'fill_in_blank',
   'Complete: "On a scale of one to ten, how would you rate your ____?"',
   'pain',
   'The 0–10 pain scale is a core triage question.',
   'La escala de dolor 0–10 es una pregunta central del triaje.',
   10, 2, '{"acceptable_answers": ["pain"], "case_sensitive": false, "blank_position": "inline"}'::jsonb, TRUE),
  ('cccc0701-0004-4000-8000-000000000000', 'cccc0701-0000-4000-8000-000000000000', 'matching',
   'Match the triage level with its meaning.',
   'emergent—immediate; urgent—soon; non-urgent—can wait',
   'Triage sorts patients by how quickly they must be seen.',
   'El triaje clasifica a los pacientes por la rapidez con que deben ser vistos.',
   10, 3, '{"columns": 2}'::jsonb, TRUE),
  ('cccc0701-0005-4000-8000-000000000000', 'cccc0701-0000-4000-8000-000000000000', 'sentence_ordering',
   'Put the words in order to ask about allergies quickly.',
   'Are you allergic to any medications?',
   'A fast allergy check protects the patient before any treatment.',
   'Una verificación rápida de alergias protege al paciente antes de cualquier tratamiento.',
   10, 4, '{"words": ["Are", "you", "allergic", "to", "any", "medications?"], "show_punctuation": true}'::jsonb, TRUE),
-- Module 7, Lesson 2: Emergency Phrases
  ('cccc0702-0001-4000-8000-000000000000', 'cccc0702-0000-4000-8000-000000000000', 'multiple_choice',
   'Which phrase tells a team member to start chest compressions?',
   'Start compressions now.',
   'Short, direct commands prevent confusion during a resuscitation.',
   'Las órdenes cortas y directas evitan la confusión durante una reanimación.',
   10, 0, '{"shuffle_options": true}'::jsonb, TRUE),
  ('cccc0702-0002-4000-8000-000000000000', 'cccc0702-0000-4000-8000-000000000000', 'fill_in_blank',
   'Complete the command: "We need to ____ an IV line."',
   'start',
   '"Start an IV line" is the standard phrase for gaining venous access.',
   '"Start an IV line" es la frase estándar para obtener un acceso venoso.',
   10, 1, '{"acceptable_answers": ["start", "place", "insert"], "case_sensitive": false, "blank_position": "inline"}'::jsonb, TRUE),
  ('cccc0702-0003-4000-8000-000000000000', 'cccc0702-0000-4000-8000-000000000000', 'translation',
   'Translate to English: "Necesitamos oxígeno ahora."',
   'We need oxygen now.',
   'Requesting oxygen quickly and clearly is a common emergency phrase.',
   'Pedir oxígeno de forma rápida y clara es una frase de emergencia común.',
   10, 2, '{"source_language": "es", "target_language": "en", "source_text": "Necesitamos oxígeno ahora.", "acceptable_translations": ["We need oxygen now.", "We need oxygen right now."], "key_terms": ["oxygen"]}'::jsonb, TRUE),
  ('cccc0702-0004-4000-8000-000000000000', 'cccc0702-0000-4000-8000-000000000000', 'sentence_ordering',
   'Put the words in order to reassure the patient.',
   'Stay with me, help is coming.',
   'Calm reassurance keeps the patient cooperative during an emergency.',
   'Una reassurance tranquila mantiene al paciente cooperativo durante una emergencia.',
   10, 3, '{"words": ["Stay", "with", "me,", "help", "is", "coming."], "show_punctuation": true}'::jsonb, TRUE),
-- Module 7, Lesson 3: Chest Pain
  ('cccc0703-0001-4000-8000-000000000000', 'cccc0703-0000-4000-8000-000000000000', 'multiple_choice',
   'Which question checks whether chest pain is radiating?',
   'Does the pain spread to your arm or jaw?',
   'Radiation to the arm or jaw is a classic cardiac red flag.',
   'La irradiación al brazo o la mandíbula es una señal de alarma cardíaca clásica.',
   10, 0, '{"shuffle_options": true}'::jsonb, TRUE),
  ('cccc0703-0002-4000-8000-000000000000', 'cccc0703-0000-4000-8000-000000000000', 'fill_in_blank',
   'Complete: "Does anything make the pain ____ or worse?"',
   'better',
   'Asking about relieving and aggravating factors follows the OPQRST method.',
   'Preguntar por factores que alivian y agravan sigue el método OPQRST.',
   10, 1, '{"acceptable_answers": ["better"], "case_sensitive": false, "blank_position": "inline"}'::jsonb, TRUE),
  ('cccc0703-0003-4000-8000-000000000000', 'cccc0703-0000-4000-8000-000000000000', 'translation',
   'Translate to English: "¿El dolor le da falta de aire?"',
   'Does the pain give you shortness of breath?',
   'Associated dyspnea raises concern for a cardiac or pulmonary cause.',
   'La disnea asociada aumenta la sospecha de una causa cardíaca o pulmonar.',
   10, 2, '{"source_language": "es", "target_language": "en", "source_text": "¿El dolor le da falta de aire?", "acceptable_translations": ["Does the pain give you shortness of breath?", "Do you have shortness of breath with the pain?"], "key_terms": ["shortness of breath"]}'::jsonb, TRUE),
-- Module 7, Lesson 4: Trauma Basics
  ('cccc0704-0001-4000-8000-000000000000', 'cccc0704-0000-4000-8000-000000000000', 'multiple_choice',
   'In the ABCDE primary survey, what does "A" stand for?',
   'Airway',
   'ABCDE begins with Airway, then Breathing, Circulation, Disability, and Exposure.',
   'ABCDE comienza con la vía aérea (Airway), luego respiración, circulación, discapacidad y exposición.',
   10, 0, '{"shuffle_options": true}'::jsonb, TRUE),
  ('cccc0704-0002-4000-8000-000000000000', 'cccc0704-0000-4000-8000-000000000000', 'matching',
   'Match each ABCDE letter with its meaning.',
   'A—airway; B—breathing; C—circulation; D—disability',
   'The ABCDE sequence orders the trauma primary survey.',
   'La secuencia ABCDE ordena la evaluación primaria del trauma.',
   10, 1, '{"columns": 2}'::jsonb, TRUE),
  ('cccc0704-0003-4000-8000-000000000000', 'cccc0704-0000-4000-8000-000000000000', 'fill_in_blank',
   'Complete: "We need to control the ____." (heavy external bleeding)',
   'bleeding',
   'Controlling major bleeding is part of Circulation in the primary survey.',
   'Controlar el sangrado mayor es parte de la Circulación en la evaluación primaria.',
   10, 2, '{"acceptable_answers": ["bleeding", "hemorrhage"], "case_sensitive": false, "blank_position": "inline"}'::jsonb, TRUE),
-- Module 7, Lesson 5: Review
  ('cccc0705-0001-4000-8000-000000000000', 'cccc0705-0000-4000-8000-000000000000', 'translation',
   'Translate to English: "Vamos a estabilizarlo."',
   'We are going to stabilize you.',
   'Stabilization is the goal of the initial emergency response.',
   'La estabilización es el objetivo de la respuesta inicial de emergencia.',
   10, 0, '{"source_language": "es", "target_language": "en", "source_text": "Vamos a estabilizarlo.", "acceptable_translations": ["We are going to stabilize you.", "We will stabilize you."], "key_terms": ["stabilize"]}'::jsonb, TRUE),
  ('cccc0705-0002-4000-8000-000000000000', 'cccc0705-0000-4000-8000-000000000000', 'multiple_choice',
   'Which sign is a red flag with chest pain?',
   'Pain radiating to the left arm',
   'Radiation to the left arm suggests a possible cardiac event.',
   'La irradiación al brazo izquierdo sugiere un posible evento cardíaco.',
   10, 1, '{"shuffle_options": true}'::jsonb, TRUE),
  ('cccc0705-0003-4000-8000-000000000000', 'cccc0705-0000-4000-8000-000000000000', 'fill_in_blank',
   'Complete: "The patient is in respiratory ____." (severe breathing difficulty)',
   'distress',
   '"Respiratory distress" describes severe difficulty breathing.',
   '"Respiratory distress" describe una dificultad respiratoria grave.',
   10, 2, '{"acceptable_answers": ["distress"], "case_sensitive": false, "blank_position": "inline"}'::jsonb, TRUE),

-- Module 8, Lesson 1: Blood Work
  ('cccc0801-0001-4000-8000-000000000000', 'cccc0801-0000-4000-8000-000000000000', 'multiple_choice',
   'What does a CBC measure?',
   'Blood cells — red cells, white cells, and platelets',
   'A complete blood count (CBC) measures the cellular components of blood.',
   'Una biometría hemática (CBC) mide los componentes celulares de la sangre.',
   10, 0, '{"shuffle_options": true}'::jsonb, TRUE),
  ('cccc0801-0002-4000-8000-000000000000', 'cccc0801-0000-4000-8000-000000000000', 'translation',
   'Translate to English: "Necesitamos sacarle sangre."',
   'We need to draw your blood.',
   '"Draw blood" is the standard phrasal verb for taking a blood sample.',
   '"Draw blood" es el verbo estándar para tomar una muestra de sangre.',
   10, 1, '{"source_language": "es", "target_language": "en", "source_text": "Necesitamos sacarle sangre.", "acceptable_translations": ["We need to draw your blood.", "We need to take a blood sample."], "key_terms": ["draw", "blood"]}'::jsonb, TRUE),
  ('cccc0801-0003-4000-8000-000000000000', 'cccc0801-0000-4000-8000-000000000000', 'fill_in_blank',
   'Complete: "You may need to ____ for eight hours before the test." (no food)',
   'fast',
   'Many metabolic tests require the patient to fast beforehand.',
   'Muchas pruebas metabólicas requieren que el paciente ayune antes.',
   10, 2, '{"acceptable_answers": ["fast"], "case_sensitive": false, "blank_position": "inline"}'::jsonb, TRUE),
  ('cccc0801-0004-4000-8000-000000000000', 'cccc0801-0000-4000-8000-000000000000', 'matching',
   'Match each blood test with what it checks.',
   'CBC—blood cells; glucose—blood sugar; creatinine—kidney function',
   'Each common test targets a specific part of the body''s status.',
   'Cada prueba común evalúa un aspecto específico del estado del cuerpo.',
   10, 3, '{"columns": 2}'::jsonb, TRUE),
  ('cccc0801-0005-4000-8000-000000000000', 'cccc0801-0000-4000-8000-000000000000', 'sentence_ordering',
   'Put the words in order to warn about the needle.',
   'You will feel a small pinch.',
   'Warning the patient about a small pinch reduces anxiety.',
   'Avisar al paciente de un pequeño piquete reduce la ansiedad.',
   10, 4, '{"words": ["You", "will", "feel", "a", "small", "pinch."], "show_punctuation": true}'::jsonb, TRUE),
-- Module 8, Lesson 2: Urinalysis
  ('cccc0802-0001-4000-8000-000000000000', 'cccc0802-0000-4000-8000-000000000000', 'multiple_choice',
   'Which instruction describes a clean-catch urine sample?',
   'Clean first, then collect midstream urine',
   'A clean-catch midstream sample reduces contamination.',
   'Una muestra de chorro medio con limpieza previa reduce la contaminación.',
   10, 0, '{"shuffle_options": true}'::jsonb, TRUE),
  ('cccc0802-0002-4000-8000-000000000000', 'cccc0802-0000-4000-8000-000000000000', 'translation',
   'Translate to English: "Necesito una muestra de orina."',
   'I need a urine sample.',
   '"Urine sample" is the everyday clinical term.',
   '"Urine sample" es el término clínico cotidiano.',
   10, 1, '{"source_language": "es", "target_language": "en", "source_text": "Necesito una muestra de orina.", "acceptable_translations": ["I need a urine sample.", "I need a sample of urine."], "key_terms": ["urine sample"]}'::jsonb, TRUE),
  ('cccc0802-0003-4000-8000-000000000000', 'cccc0802-0000-4000-8000-000000000000', 'fill_in_blank',
   'Complete: "Please collect the sample in this sterile ____."',
   'cup',
   'A sterile cup or container is used to collect the sample.',
   'Se usa un vaso o recipiente estéril para recolectar la muestra.',
   10, 2, '{"acceptable_answers": ["cup", "container"], "case_sensitive": false, "blank_position": "inline"}'::jsonb, TRUE),
-- Module 8, Lesson 3: Imaging
  ('cccc0803-0001-4000-8000-000000000000', 'cccc0803-0000-4000-8000-000000000000', 'multiple_choice',
   'Which imaging study uses a strong magnetic field, not radiation?',
   'MRI',
   'An MRI uses magnetic fields; X-ray and CT use ionizing radiation.',
   'La resonancia magnética usa campos magnéticos; la radiografía y la TC usan radiación ionizante.',
   10, 0, '{"shuffle_options": true}'::jsonb, TRUE),
  ('cccc0803-0002-4000-8000-000000000000', 'cccc0803-0000-4000-8000-000000000000', 'translation',
   'Translate to English: "¿Es alérgico al contraste?"',
   'Are you allergic to contrast?',
   'Checking for a contrast allergy is essential before contrast imaging.',
   'Verificar la alergia al contraste es esencial antes de una imagen con contraste.',
   10, 1, '{"source_language": "es", "target_language": "en", "source_text": "¿Es alérgico al contraste?", "acceptable_translations": ["Are you allergic to contrast?", "Do you have a contrast allergy?"], "key_terms": ["contrast", "allergic"]}'::jsonb, TRUE),
  ('cccc0803-0003-4000-8000-000000000000', 'cccc0803-0000-4000-8000-000000000000', 'fill_in_blank',
   'Complete: "Please stay ____ during the scan." (do not move)',
   'still',
   'Staying still keeps the images sharp.',
   'Quedarse quieto mantiene las imágenes nítidas.',
   10, 2, '{"acceptable_answers": ["still"], "case_sensitive": false, "blank_position": "inline"}'::jsonb, TRUE),
-- Module 8, Lesson 4: Explaining Results
  ('cccc0804-0001-4000-8000-000000000000', 'cccc0804-0000-4000-8000-000000000000', 'multiple_choice',
   'Which sentence explains a normal result kindly?',
   'Your results came back normal — everything looks good.',
   'Plain, reassuring language helps the patient understand a normal result.',
   'Un lenguaje sencillo y tranquilizador ayuda al paciente a entender un resultado normal.',
   10, 0, '{"shuffle_options": true}'::jsonb, TRUE),
  ('cccc0804-0002-4000-8000-000000000000', 'cccc0804-0000-4000-8000-000000000000', 'translation',
   'Translate to English: "Sus resultados están un poco elevados."',
   'Your results are slightly elevated.',
   '"Slightly elevated" softens the delivery of an abnormal value.',
   '"Slightly elevated" suaviza la comunicación de un valor anormal.',
   10, 1, '{"source_language": "es", "target_language": "en", "source_text": "Sus resultados están un poco elevados.", "acceptable_translations": ["Your results are slightly elevated.", "Your results are a little high."], "key_terms": ["elevated"]}'::jsonb, TRUE),
  ('cccc0804-0003-4000-8000-000000000000', 'cccc0804-0000-4000-8000-000000000000', 'fill_in_blank',
   'Complete: "We will need to ____ this test in a few weeks." (do again)',
   'repeat',
   'Repeating a borderline test confirms a trend.',
   'Repetir una prueba limítrofe confirma una tendencia.',
   10, 2, '{"acceptable_answers": ["repeat", "recheck"], "case_sensitive": false, "blank_position": "inline"}'::jsonb, TRUE),
-- Module 8, Lesson 5: Review
  ('cccc0805-0001-4000-8000-000000000000', 'cccc0805-0000-4000-8000-000000000000', 'matching',
   'Match each study with the body area it images best.',
   'X-ray—bones; CT—internal organs; MRI—soft tissue',
   'Each imaging study has strengths for different tissues.',
   'Cada estudio de imagen tiene fortalezas para diferentes tejidos.',
   10, 0, '{"columns": 2}'::jsonb, TRUE),
  ('cccc0805-0002-4000-8000-000000000000', 'cccc0805-0000-4000-8000-000000000000', 'translation',
   'Translate to English: "Los resultados llegarán mañana."',
   'The results will be ready tomorrow.',
   'Setting a clear timeline reassures the patient.',
   'Establecer un plazo claro tranquiliza al paciente.',
   10, 1, '{"source_language": "es", "target_language": "en", "source_text": "Los resultados llegarán mañana.", "acceptable_translations": ["The results will be ready tomorrow.", "The results will come tomorrow."], "key_terms": ["results"]}'::jsonb, TRUE),
  ('cccc0805-0003-4000-8000-000000000000', 'cccc0805-0000-4000-8000-000000000000', 'fill_in_blank',
   'Complete: "This is a ____ test, so it is safe and painless." (no cutting)',
   'noninvasive',
   'A noninvasive test does not enter the body.',
   'Una prueba no invasiva no penetra el cuerpo.',
   10, 2, '{"acceptable_answers": ["noninvasive", "non-invasive"], "case_sensitive": false, "blank_position": "inline"}'::jsonb, TRUE),

-- Module 9, Lesson 1: Giving a Diagnosis
  ('cccc0901-0001-4000-8000-000000000000', 'cccc0901-0000-4000-8000-000000000000', 'multiple_choice',
   'Which phrase best begins delivering a diagnosis?',
   'I have your results, and I would like to talk about them.',
   'A warning shot prepares the patient before you share the diagnosis.',
   'Una frase de aviso prepara al paciente antes de compartir el diagnóstico.',
   10, 0, '{"shuffle_options": true}'::jsonb, TRUE),
  ('cccc0901-0002-4000-8000-000000000000', 'cccc0901-0000-4000-8000-000000000000', 'translation',
   'Translate to English: "El diagnóstico es diabetes tipo 2."',
   'The diagnosis is type 2 diabetes.',
   'Naming the diagnosis clearly avoids misunderstanding.',
   'Nombrar el diagnóstico con claridad evita malentendidos.',
   10, 1, '{"source_language": "es", "target_language": "en", "source_text": "El diagnóstico es diabetes tipo 2.", "acceptable_translations": ["The diagnosis is type 2 diabetes.", "The diagnosis is type two diabetes."], "key_terms": ["diagnosis", "diabetes"]}'::jsonb, TRUE),
  ('cccc0901-0003-4000-8000-000000000000', 'cccc0901-0000-4000-8000-000000000000', 'fill_in_blank',
   'Complete: "Do you have any ____ about the diagnosis?"',
   'questions',
   'Inviting questions checks the patient''s understanding.',
   'Invitar preguntas verifica la comprensión del paciente.',
   10, 2, '{"acceptable_answers": ["questions"], "case_sensitive": false, "blank_position": "inline"}'::jsonb, TRUE),
  ('cccc0901-0004-4000-8000-000000000000', 'cccc0901-0000-4000-8000-000000000000', 'sentence_ordering',
   'Put the words in order to check understanding.',
   'Can you tell me what you understood?',
   'Asking the patient to teach back confirms understanding.',
   'Pedir al paciente que repita con sus palabras confirma la comprensión.',
   10, 3, '{"words": ["Can", "you", "tell", "me", "what", "you", "understood?"], "show_punctuation": true}'::jsonb, TRUE),
  ('cccc0901-0005-4000-8000-000000000000', 'cccc0901-0000-4000-8000-000000000000', 'matching',
   'Match each phrase with its purpose.',
   'warning shot—prepare; teach-back—check understanding; pause—allow questions',
   'Structured phrases make hard conversations clearer.',
   'Las frases estructuradas hacen más claras las conversaciones difíciles.',
   10, 4, '{"columns": 2}'::jsonb, TRUE),
-- Module 9, Lesson 2: Prognosis
  ('cccc0902-0001-4000-8000-000000000000', 'cccc0902-0000-4000-8000-000000000000', 'multiple_choice',
   'Which sentence explains prognosis honestly but with hope?',
   'With treatment, most patients improve within a few weeks.',
   'Honest, specific language with a realistic timeline supports the patient.',
   'Un lenguaje honesto y específico con un plazo realista apoya al paciente.',
   10, 0, '{"shuffle_options": true}'::jsonb, TRUE),
  ('cccc0902-0002-4000-8000-000000000000', 'cccc0902-0000-4000-8000-000000000000', 'translation',
   'Translate to English: "Es una condición tratable."',
   'It is a treatable condition.',
   '"Treatable" gives the patient realistic hope.',
   '"Treatable" ofrece al paciente una esperanza realista.',
   10, 1, '{"source_language": "es", "target_language": "en", "source_text": "Es una condición tratable.", "acceptable_translations": ["It is a treatable condition.", "This is a treatable condition."], "key_terms": ["treatable"]}'::jsonb, TRUE),
  ('cccc0902-0003-4000-8000-000000000000', 'cccc0902-0000-4000-8000-000000000000', 'fill_in_blank',
   'Complete: "The ____ is good with proper treatment." (likely outcome)',
   'prognosis',
   '"Prognosis" is the expected course and outcome of a condition.',
   '"Prognosis" es el curso y desenlace esperados de una condición.',
   10, 2, '{"acceptable_answers": ["prognosis", "outlook"], "case_sensitive": false, "blank_position": "inline"}'::jsonb, TRUE),
-- Module 9, Lesson 3: Treatment Options
  ('cccc0903-0001-4000-8000-000000000000', 'cccc0903-0000-4000-8000-000000000000', 'multiple_choice',
   'Which sentence presents options for shared decision-making?',
   'There are two options; let us go over the benefits and risks of each.',
   'Presenting options with benefits and risks supports shared decisions.',
   'Presentar opciones con beneficios y riesgos apoya las decisiones compartidas.',
   10, 0, '{"shuffle_options": true}'::jsonb, TRUE),
  ('cccc0903-0002-4000-8000-000000000000', 'cccc0903-0000-4000-8000-000000000000', 'translation',
   'Translate to English: "Cada tratamiento tiene riesgos y beneficios."',
   'Each treatment has risks and benefits.',
   'Balancing risks and benefits is central to counseling.',
   'Equilibrar riesgos y beneficios es central en la consejería.',
   10, 1, '{"source_language": "es", "target_language": "en", "source_text": "Cada tratamiento tiene riesgos y beneficios.", "acceptable_translations": ["Each treatment has risks and benefits.", "Every treatment has risks and benefits."], "key_terms": ["risks", "benefits"]}'::jsonb, TRUE),
  ('cccc0903-0003-4000-8000-000000000000', 'cccc0903-0000-4000-8000-000000000000', 'fill_in_blank',
   'Complete: "Which option do you ____?" (choose)',
   'prefer',
   'Asking the patient''s preference invites shared decision-making.',
   'Preguntar la preferencia del paciente invita a la decisión compartida.',
   10, 2, '{"acceptable_answers": ["prefer", "choose"], "case_sensitive": false, "blank_position": "inline"}'::jsonb, TRUE),
-- Module 9, Lesson 4: Informed Consent
  ('cccc0904-0001-4000-8000-000000000000', 'cccc0904-0000-4000-8000-000000000000', 'multiple_choice',
   'What must informed consent include?',
   'The procedure, its risks, benefits, and alternatives',
   'Valid consent covers the procedure, risks, benefits, and alternatives.',
   'El consentimiento válido cubre el procedimiento, riesgos, beneficios y alternativas.',
   10, 0, '{"shuffle_options": true}'::jsonb, TRUE),
  ('cccc0904-0002-4000-8000-000000000000', 'cccc0904-0000-4000-8000-000000000000', 'translation',
   'Translate to English: "¿Tiene alguna pregunta antes de firmar?"',
   'Do you have any questions before you sign?',
   'Confirming understanding before signing is required for valid consent.',
   'Confirmar la comprensión antes de firmar es necesario para un consentimiento válido.',
   10, 1, '{"source_language": "es", "target_language": "en", "source_text": "¿Tiene alguna pregunta antes de firmar?", "acceptable_translations": ["Do you have any questions before you sign?", "Any questions before you sign?"], "key_terms": ["questions", "sign"]}'::jsonb, TRUE),
  ('cccc0904-0003-4000-8000-000000000000', 'cccc0904-0000-4000-8000-000000000000', 'fill_in_blank',
   'Complete: "You can ____ your consent at any time." (take back)',
   'withdraw',
   'Patients may withdraw consent at any point.',
   'Los pacientes pueden retirar el consentimiento en cualquier momento.',
   10, 2, '{"acceptable_answers": ["withdraw"], "case_sensitive": false, "blank_position": "inline"}'::jsonb, TRUE),
-- Module 9, Lesson 5: Review
  ('cccc0905-0001-4000-8000-000000000000', 'cccc0905-0000-4000-8000-000000000000', 'translation',
   'Translate to English: "Vamos a decidir juntos."',
   'We will decide together.',
   'Shared decision-making respects patient autonomy.',
   'La decisión compartida respeta la autonomía del paciente.',
   10, 0, '{"source_language": "es", "target_language": "en", "source_text": "Vamos a decidir juntos.", "acceptable_translations": ["We will decide together.", "Let us decide together."], "key_terms": ["decide together"]}'::jsonb, TRUE),
  ('cccc0905-0002-4000-8000-000000000000', 'cccc0905-0000-4000-8000-000000000000', 'multiple_choice',
   'Which word means the expected outcome of a condition?',
   'Prognosis',
   'Prognosis is the expected course and outcome.',
   'El pronóstico es el curso y desenlace esperados.',
   10, 1, '{"shuffle_options": true}'::jsonb, TRUE),
  ('cccc0905-0003-4000-8000-000000000000', 'cccc0905-0000-4000-8000-000000000000', 'fill_in_blank',
   'Complete: "Please sign this ____ form." (informed agreement)',
   'consent',
   'The consent form documents the patient''s informed agreement.',
   'El formulario de consentimiento documenta el acuerdo informado del paciente.',
   10, 2, '{"acceptable_answers": ["consent"], "case_sensitive": false, "blank_position": "inline"}'::jsonb, TRUE),

-- Module 10, Lesson 1: Case Abdominal Pain
  ('cccc1001-0001-4000-8000-000000000000', 'cccc1001-0000-4000-8000-000000000000', 'multiple_choice',
   'A patient reports sharp right-lower-quadrant pain. Which first question fits best?',
   'When did the pain start, and has it moved?',
   'Onset and migration help localize acute abdominal pain.',
   'El inicio y la migración ayudan a localizar el dolor abdominal agudo.',
   10, 0, '{"shuffle_options": true}'::jsonb, TRUE),
  ('cccc1001-0002-4000-8000-000000000000', 'cccc1001-0000-4000-8000-000000000000', 'translation',
   'Translate to English: "¿El dolor empeora al moverse?"',
   'Does the pain get worse when you move?',
   'Pain worsened by movement can suggest peritoneal irritation.',
   'El dolor que empeora con el movimiento puede sugerir irritación peritoneal.',
   10, 1, '{"source_language": "es", "target_language": "en", "source_text": "¿El dolor empeora al moverse?", "acceptable_translations": ["Does the pain get worse when you move?", "Does moving make the pain worse?"], "key_terms": ["worse", "move"]}'::jsonb, TRUE),
  ('cccc1001-0003-4000-8000-000000000000', 'cccc1001-0000-4000-8000-000000000000', 'fill_in_blank',
   'Complete: "I am going to ____ your abdomen; tell me if it hurts." (press)',
   'palpate',
   'Palpation of the abdomen localizes tenderness.',
   'La palpación del abdomen localiza la sensibilidad.',
   10, 2, '{"acceptable_answers": ["palpate", "press on", "examine"], "case_sensitive": false, "blank_position": "inline"}'::jsonb, TRUE),
  ('cccc1001-0004-4000-8000-000000000000', 'cccc1001-0000-4000-8000-000000000000', 'sentence_ordering',
   'Put the words in order to order a test.',
   'We will order some blood tests.',
   'Ordering blood tests is a common next step in the workup.',
   'Solicitar análisis de sangre es un siguiente paso común en el abordaje.',
   10, 3, '{"words": ["We", "will", "order", "some", "blood", "tests."], "show_punctuation": true}'::jsonb, TRUE),
-- Module 10, Lesson 2: Case Shortness of Breath
  ('cccc1002-0001-4000-8000-000000000000', 'cccc1002-0000-4000-8000-000000000000', 'multiple_choice',
   'A patient is short of breath. Which question screens for a cardiac cause?',
   'Do you have any chest pain or swelling in your legs?',
   'Chest pain and leg swelling point toward a cardiac cause of dyspnea.',
   'El dolor torácico y la hinchazón de piernas apuntan a una causa cardíaca de la disnea.',
   10, 0, '{"shuffle_options": true}'::jsonb, TRUE),
  ('cccc1002-0002-4000-8000-000000000000', 'cccc1002-0000-4000-8000-000000000000', 'translation',
   'Translate to English: "¿Desde cuándo le falta el aire?"',
   'How long have you had shortness of breath?',
   'Duration helps separate acute from chronic dyspnea.',
   'La duración ayuda a separar la disnea aguda de la crónica.',
   10, 1, '{"source_language": "es", "target_language": "en", "source_text": "¿Desde cuándo le falta el aire?", "acceptable_translations": ["How long have you had shortness of breath?", "How long have you been short of breath?"], "key_terms": ["shortness of breath"]}'::jsonb, TRUE),
  ('cccc1002-0003-4000-8000-000000000000', 'cccc1002-0000-4000-8000-000000000000', 'fill_in_blank',
   'Complete: "I am going to check your oxygen ____ with this device." (level)',
   'saturation',
   'Pulse oximetry measures oxygen saturation.',
   'La oximetría de pulso mide la saturación de oxígeno.',
   10, 2, '{"acceptable_answers": ["saturation", "level"], "case_sensitive": false, "blank_position": "inline"}'::jsonb, TRUE),
-- Module 10, Lesson 3: Case Diabetes Follow-up
  ('cccc1003-0001-4000-8000-000000000000', 'cccc1003-0000-4000-8000-000000000000', 'multiple_choice',
   'At a diabetes follow-up, which question checks control best?',
   'How have your blood sugar readings been at home?',
   'Home glucose readings reflect day-to-day control.',
   'Las lecturas de glucosa en casa reflejan el control diario.',
   10, 0, '{"shuffle_options": true}'::jsonb, TRUE),
  ('cccc1003-0002-4000-8000-000000000000', 'cccc1003-0000-4000-8000-000000000000', 'translation',
   'Translate to English: "¿Ha tenido bajones de azúcar?"',
   'Have you had any low blood sugar episodes?',
   'Screening for hypoglycemia is part of every diabetes visit.',
   'Detectar hipoglucemia es parte de toda visita por diabetes.',
   10, 1, '{"source_language": "es", "target_language": "en", "source_text": "¿Ha tenido bajones de azúcar?", "acceptable_translations": ["Have you had any low blood sugar episodes?", "Have you had any hypoglycemia?"], "key_terms": ["low blood sugar"]}'::jsonb, TRUE),
  ('cccc1003-0003-4000-8000-000000000000', 'cccc1003-0000-4000-8000-000000000000', 'fill_in_blank',
   'Complete: "We will check your A1C to see your ____ average." (three-month)',
   'three-month',
   'The A1C reflects the average blood sugar over about three months.',
   'La A1C refleja el promedio de azúcar en sangre de unos tres meses.',
   10, 2, '{"acceptable_answers": ["three-month", "3-month"], "case_sensitive": false, "blank_position": "inline"}'::jsonb, TRUE),
-- Module 10, Lesson 4: Course Review Communication
  ('cccc1004-0001-4000-8000-000000000000', 'cccc1004-0000-4000-8000-000000000000', 'matching',
   'Match each phrase with the moment it fits.',
   'chief complaint—intake; teach-back—diagnosis; follow-up—closing',
   'Each phrase belongs to a stage of the clinical encounter.',
   'Cada frase pertenece a una etapa del encuentro clínico.',
   10, 0, '{"columns": 2}'::jsonb, TRUE),
  ('cccc1004-0002-4000-8000-000000000000', 'cccc1004-0000-4000-8000-000000000000', 'translation',
   'Translate to English: "Nos vemos en dos semanas."',
   'I will see you in two weeks.',
   'Setting a follow-up interval closes the visit clearly.',
   'Fijar un intervalo de seguimiento cierra la visita con claridad.',
   10, 1, '{"source_language": "es", "target_language": "en", "source_text": "Nos vemos en dos semanas.", "acceptable_translations": ["I will see you in two weeks.", "See you in two weeks."], "key_terms": ["two weeks"]}'::jsonb, TRUE),
  ('cccc1004-0003-4000-8000-000000000000', 'cccc1004-0000-4000-8000-000000000000', 'fill_in_blank',
   'Complete: "What is the main ____ that brought you in today?" (reason)',
   'concern',
   'Asking the main concern opens the encounter.',
   'Preguntar la preocupación principal abre el encuentro.',
   10, 2, '{"acceptable_answers": ["concern", "problem", "reason"], "case_sensitive": false, "blank_position": "inline"}'::jsonb, TRUE),
-- Module 10, Lesson 5: Final
  ('cccc1005-0001-4000-8000-000000000000', 'cccc1005-0000-4000-8000-000000000000', 'multiple_choice',
   'Which sentence best closes a patient visit?',
   'Do you have any last questions before you go?',
   'Inviting final questions ensures the patient leaves informed.',
   'Invitar preguntas finales asegura que el paciente se vaya informado.',
   10, 0, '{"shuffle_options": true}'::jsonb, TRUE),
  ('cccc1005-0002-4000-8000-000000000000', 'cccc1005-0000-4000-8000-000000000000', 'translation',
   'Translate to English: "Cuídese mucho."',
   'Take good care of yourself.',
   'A warm closing builds rapport at the end of the visit.',
   'Un cierre cálido fortalece la relación al final de la visita.',
   10, 1, '{"source_language": "es", "target_language": "en", "source_text": "Cuídese mucho.", "acceptable_translations": ["Take good care of yourself.", "Take care of yourself."], "key_terms": ["take care"]}'::jsonb, TRUE),
  ('cccc1005-0003-4000-8000-000000000000', 'cccc1005-0000-4000-8000-000000000000', 'sentence_ordering',
   'Put the words in order to give discharge advice.',
   'Come back if the symptoms get worse.',
   'Clear return precautions keep the patient safe after discharge.',
   'Indicaciones de regreso claras mantienen al paciente seguro tras el alta.',
   10, 2, '{"words": ["Come", "back", "if", "the", "symptoms", "get", "worse."], "show_punctuation": true}'::jsonb, TRUE)
ON CONFLICT (id) DO NOTHING;

-- Exercise options (multiple_choice only) ------------------------------------
INSERT INTO exercise_options (exercise_id, option_text, is_correct, sort_order)
VALUES
  ('cccc0701-0001-4000-8000-000000000000', 'Emergent — needs immediate care', TRUE, 0),
  ('cccc0701-0001-4000-8000-000000000000', 'Urgent — can wait a short while', FALSE, 1),
  ('cccc0701-0001-4000-8000-000000000000', 'Non-urgent — can wait', FALSE, 2),
  ('cccc0701-0001-4000-8000-000000000000', 'Routine — schedule later', FALSE, 3),
  ('cccc0702-0001-4000-8000-000000000000', 'Start compressions now.', TRUE, 0),
  ('cccc0702-0001-4000-8000-000000000000', 'Maybe we should think about it.', FALSE, 1),
  ('cccc0702-0001-4000-8000-000000000000', 'Please wait for the results.', FALSE, 2),
  ('cccc0702-0001-4000-8000-000000000000', 'Let us schedule an appointment.', FALSE, 3),
  ('cccc0703-0001-4000-8000-000000000000', 'Does the pain spread to your arm or jaw?', TRUE, 0),
  ('cccc0703-0001-4000-8000-000000000000', 'What did you eat today?', FALSE, 1),
  ('cccc0703-0001-4000-8000-000000000000', 'How is your family?', FALSE, 2),
  ('cccc0703-0001-4000-8000-000000000000', 'Do you exercise often?', FALSE, 3),
  ('cccc0704-0001-4000-8000-000000000000', 'Airway', TRUE, 0),
  ('cccc0704-0001-4000-8000-000000000000', 'Allergy', FALSE, 1),
  ('cccc0704-0001-4000-8000-000000000000', 'Abdomen', FALSE, 2),
  ('cccc0704-0001-4000-8000-000000000000', 'Assessment', FALSE, 3),
  ('cccc0705-0002-4000-8000-000000000000', 'Pain radiating to the left arm', TRUE, 0),
  ('cccc0705-0002-4000-8000-000000000000', 'Mild itching', FALSE, 1),
  ('cccc0705-0002-4000-8000-000000000000', 'A small bruise', FALSE, 2),
  ('cccc0705-0002-4000-8000-000000000000', 'Dry skin', FALSE, 3),
  ('cccc0801-0001-4000-8000-000000000000', 'Blood cells — red cells, white cells, and platelets', TRUE, 0),
  ('cccc0801-0001-4000-8000-000000000000', 'Only blood sugar', FALSE, 1),
  ('cccc0801-0001-4000-8000-000000000000', 'Only cholesterol', FALSE, 2),
  ('cccc0801-0001-4000-8000-000000000000', 'Kidney stones', FALSE, 3),
  ('cccc0802-0001-4000-8000-000000000000', 'Clean first, then collect midstream urine', TRUE, 0),
  ('cccc0802-0001-4000-8000-000000000000', 'Collect the first drops only', FALSE, 1),
  ('cccc0802-0001-4000-8000-000000000000', 'Collect it the next morning', FALSE, 2),
  ('cccc0802-0001-4000-8000-000000000000', 'Do not clean the area', FALSE, 3),
  ('cccc0803-0001-4000-8000-000000000000', 'MRI', TRUE, 0),
  ('cccc0803-0001-4000-8000-000000000000', 'X-ray', FALSE, 1),
  ('cccc0803-0001-4000-8000-000000000000', 'CT scan', FALSE, 2),
  ('cccc0803-0001-4000-8000-000000000000', 'Ultrasound', FALSE, 3),
  ('cccc0804-0001-4000-8000-000000000000', 'Your results came back normal — everything looks good.', TRUE, 0),
  ('cccc0804-0001-4000-8000-000000000000', 'I cannot tell you anything.', FALSE, 1),
  ('cccc0804-0001-4000-8000-000000000000', 'The numbers are just numbers.', FALSE, 2),
  ('cccc0804-0001-4000-8000-000000000000', 'You should not worry about it.', FALSE, 3),
  ('cccc0901-0001-4000-8000-000000000000', 'I have your results, and I would like to talk about them.', TRUE, 0),
  ('cccc0901-0001-4000-8000-000000000000', 'Nothing is wrong, goodbye.', FALSE, 1),
  ('cccc0901-0001-4000-8000-000000000000', 'You already know everything.', FALSE, 2),
  ('cccc0901-0001-4000-8000-000000000000', 'Let us skip the results.', FALSE, 3),
  ('cccc0902-0001-4000-8000-000000000000', 'With treatment, most patients improve within a few weeks.', TRUE, 0),
  ('cccc0902-0001-4000-8000-000000000000', 'There is no way to know anything.', FALSE, 1),
  ('cccc0902-0001-4000-8000-000000000000', 'You will be fine, do not ask.', FALSE, 2),
  ('cccc0902-0001-4000-8000-000000000000', 'It is impossible to treat.', FALSE, 3),
  ('cccc0903-0001-4000-8000-000000000000', 'There are two options; let us go over the benefits and risks of each.', TRUE, 0),
  ('cccc0903-0001-4000-8000-000000000000', 'There is only one choice, take it.', FALSE, 1),
  ('cccc0903-0001-4000-8000-000000000000', 'I will decide for you.', FALSE, 2),
  ('cccc0903-0001-4000-8000-000000000000', 'It does not matter what you think.', FALSE, 3),
  ('cccc0904-0001-4000-8000-000000000000', 'The procedure, its risks, benefits, and alternatives', TRUE, 0),
  ('cccc0904-0001-4000-8000-000000000000', 'Only the price', FALSE, 1),
  ('cccc0904-0001-4000-8000-000000000000', 'Only the date', FALSE, 2),
  ('cccc0904-0001-4000-8000-000000000000', 'Nothing at all', FALSE, 3),
  ('cccc0905-0002-4000-8000-000000000000', 'Prognosis', TRUE, 0),
  ('cccc0905-0002-4000-8000-000000000000', 'Dosage', FALSE, 1),
  ('cccc0905-0002-4000-8000-000000000000', 'Referral', FALSE, 2),
  ('cccc0905-0002-4000-8000-000000000000', 'Consent', FALSE, 3),
  ('cccc1001-0001-4000-8000-000000000000', 'When did the pain start, and has it moved?', TRUE, 0),
  ('cccc1001-0001-4000-8000-000000000000', 'What is your favorite food?', FALSE, 1),
  ('cccc1001-0001-4000-8000-000000000000', 'Do you like exercise?', FALSE, 2),
  ('cccc1001-0001-4000-8000-000000000000', 'How is the weather?', FALSE, 3),
  ('cccc1002-0001-4000-8000-000000000000', 'Do you have any chest pain or swelling in your legs?', TRUE, 0),
  ('cccc1002-0001-4000-8000-000000000000', 'What did you have for lunch?', FALSE, 1),
  ('cccc1002-0001-4000-8000-000000000000', 'Do you enjoy your work?', FALSE, 2),
  ('cccc1002-0001-4000-8000-000000000000', 'How many pets do you have?', FALSE, 3),
  ('cccc1003-0001-4000-8000-000000000000', 'How have your blood sugar readings been at home?', TRUE, 0),
  ('cccc1003-0001-4000-8000-000000000000', 'What time do you wake up?', FALSE, 1),
  ('cccc1003-0001-4000-8000-000000000000', 'Do you like your job?', FALSE, 2),
  ('cccc1003-0001-4000-8000-000000000000', 'How is traffic today?', FALSE, 3),
  ('cccc1005-0001-4000-8000-000000000000', 'Do you have any last questions before you go?', TRUE, 0),
  ('cccc1005-0001-4000-8000-000000000000', 'You should leave now.', FALSE, 1),
  ('cccc1005-0001-4000-8000-000000000000', 'I have nothing more to say.', FALSE, 2),
  ('cccc1005-0001-4000-8000-000000000000', 'Please do not ask anything.', FALSE, 3)
ON CONFLICT DO NOTHING;

-- Vocabulary -----------------------------------------------------------------
INSERT INTO vocabulary (id, word, phonetic, translation_es, definition_en, definition_es, example_en, example_es, category, difficulty, tags, is_published)
VALUES
  -- Module 7: Emergency
  ('cccc9007-0000-4000-8000-000000000001', 'triage', '/ˈtriː.ɑːʒ/', 'triaje / clasificación',
   'Sorting patients by how urgently they need care.', 'Clasificar a los pacientes según la urgencia de atención.',
   'The nurse performs triage at the entrance.', 'La enfermera realiza el triaje en la entrada.', 'emergency', 'intermediate', ARRAY['triage'], TRUE),
  ('cccc9007-0000-4000-8000-000000000002', 'emergent', '/ɪˈmɜːr.dʒənt/', 'emergente',
   'Requiring immediate medical attention.', 'Que requiere atención médica inmediata.',
   'This is an emergent case; see the patient now.', 'Este es un caso emergente; vea al paciente ahora.', 'emergency', 'advanced', ARRAY['triage'], TRUE),
  ('cccc9007-0000-4000-8000-000000000003', 'resuscitation', '/rɪˌsʌs.ɪˈteɪ.ʃən/', 'reanimación',
   'Reviving someone from unconsciousness or near death.', 'Revivir a alguien de la inconsciencia o casi la muerte.',
   'The team began resuscitation immediately.', 'El equipo inició la reanimación de inmediato.', 'emergency', 'advanced', ARRAY['emergency'], TRUE),
  ('cccc9007-0000-4000-8000-000000000004', 'compressions', '/kəmˈprɛʃ.ənz/', 'compresiones',
   'Rhythmic pushes on the chest during CPR.', 'Empujes rítmicos en el pecho durante la RCP.',
   'Start chest compressions right away.', 'Inicie las compresiones torácicas de inmediato.', 'emergency', 'intermediate', ARRAY['cpr'], TRUE),
  ('cccc9007-0000-4000-8000-000000000005', 'airway', '/ˈɛər.weɪ/', 'vía aérea',
   'The passage through which air reaches the lungs.', 'El conducto por el que el aire llega a los pulmones.',
   'First, make sure the airway is clear.', 'Primero, asegúrese de que la vía aérea esté despejada.', 'emergency', 'intermediate', ARRAY['abcde'], TRUE),
  ('cccc9007-0000-4000-8000-000000000006', 'radiating', '/ˈreɪ.di.eɪ.tɪŋ/', 'irradiado',
   'Pain spreading from one area to another.', 'Dolor que se extiende de una zona a otra.',
   'The chest pain is radiating to the jaw.', 'El dolor de pecho se irradia a la mandíbula.', 'emergency', 'advanced', ARRAY['chest-pain'], TRUE),
  ('cccc9007-0000-4000-8000-000000000007', 'stabilize', '/ˈsteɪ.bɪ.laɪz/', 'estabilizar',
   'To make a patient''s condition stable and safe.', 'Hacer que la condición del paciente sea estable y segura.',
   'We need to stabilize the patient first.', 'Primero necesitamos estabilizar al paciente.', 'emergency', 'intermediate', ARRAY['emergency'], TRUE),
  ('cccc9007-0000-4000-8000-000000000008', 'bleeding', '/ˈbliː.dɪŋ/', 'sangrado / hemorragia',
   'Loss of blood from the body.', 'Pérdida de sangre del cuerpo.',
   'We must control the bleeding.', 'Debemos controlar el sangrado.', 'emergency', 'beginner', ARRAY['trauma'], TRUE),
  ('cccc9007-0000-4000-8000-000000000009', 'unconscious', '/ʌnˈkɒn.ʃəs/', 'inconsciente',
   'Not awake and not aware of surroundings.', 'Sin estar despierto ni consciente del entorno.',
   'The patient is unconscious but breathing.', 'El paciente está inconsciente pero respira.', 'emergency', 'intermediate', ARRAY['emergency'], TRUE),
  ('cccc9007-0000-4000-8000-000000000010', 'ambulance', '/ˈæm.bjə.ləns/', 'ambulancia',
   'A vehicle for transporting emergency patients.', 'Vehículo para transportar pacientes de emergencia.',
   'Call an ambulance immediately.', 'Llame a una ambulancia de inmediato.', 'emergency', 'beginner', ARRAY['emergency'], TRUE),
  ('cccc9007-0000-4000-8000-000000000011', 'distress', '/dɪˈstrɛs/', 'sufrimiento / dificultad',
   'Severe suffering, as in respiratory distress.', 'Sufrimiento intenso, como la dificultad respiratoria.',
   'The patient is in respiratory distress.', 'El paciente tiene dificultad respiratoria.', 'emergency', 'advanced', ARRAY['emergency'], TRUE),
  ('cccc9007-0000-4000-8000-000000000012', 'acuity', '/əˈkjuː.ɪ.ti/', 'gravedad / agudeza',
   'The severity or urgency of a patient''s condition.', 'La gravedad o urgencia de la condición de un paciente.',
   'Triage sorts patients by acuity.', 'El triaje clasifica a los pacientes por gravedad.', 'emergency', 'advanced', ARRAY['triage'], TRUE),
  -- Module 8: Labs & Imaging
  ('cccc9008-0000-4000-8000-000000000001', 'blood count', '/blʌd kaʊnt/', 'biometría hemática',
   'A test of the cells in the blood (CBC).', 'Prueba de las células de la sangre (biometría).',
   'The blood count showed a low white cell count.', 'La biometría mostró leucocitos bajos.', 'laboratory', 'intermediate', ARRAY['blood'], TRUE),
  ('cccc9008-0000-4000-8000-000000000002', 'draw blood', '/drɔː blʌd/', 'sacar sangre / extraer sangre',
   'To take a blood sample from a vein.', 'Tomar una muestra de sangre de una vena.',
   'The technician will draw your blood.', 'El técnico le sacará sangre.', 'laboratory', 'beginner', ARRAY['blood'], TRUE),
  ('cccc9008-0000-4000-8000-000000000003', 'fasting', '/ˈfɑːs.tɪŋ/', 'en ayunas',
   'Not eating before a test.', 'No comer antes de una prueba.',
   'This test requires fasting for eight hours.', 'Esta prueba requiere ayuno de ocho horas.', 'laboratory', 'intermediate', ARRAY['blood'], TRUE),
  ('cccc9008-0000-4000-8000-000000000004', 'urinalysis', '/ˌjʊə.rɪˈnæl.ə.sɪs/', 'análisis de orina',
   'Laboratory analysis of a urine sample.', 'Análisis de laboratorio de una muestra de orina.',
   'The urinalysis showed a urinary infection.', 'El análisis de orina mostró una infección urinaria.', 'laboratory', 'advanced', ARRAY['urine'], TRUE),
  ('cccc9008-0000-4000-8000-000000000005', 'sample', '/ˈsɑːm.pəl/', 'muestra',
   'A small amount taken for testing.', 'Pequeña cantidad tomada para análisis.',
   'I need a urine sample, please.', 'Necesito una muestra de orina, por favor.', 'laboratory', 'beginner', ARRAY['lab'], TRUE),
  ('cccc9008-0000-4000-8000-000000000006', 'X-ray', '/ˈɛks.reɪ/', 'radiografía',
   'An image of bones or organs made with radiation.', 'Imagen de huesos u órganos hecha con radiación.',
   'We will take an X-ray of your chest.', 'Le tomaremos una radiografía de tórax.', 'radiology', 'beginner', ARRAY['imaging'], TRUE),
  ('cccc9008-0000-4000-8000-000000000007', 'CT scan', '/ˌsiːˈtiː skæn/', 'tomografía (TC)',
   'A detailed cross-sectional X-ray image.', 'Imagen radiográfica transversal detallada.',
   'The CT scan showed no bleeding.', 'La tomografía no mostró sangrado.', 'radiology', 'intermediate', ARRAY['imaging'], TRUE),
  ('cccc9008-0000-4000-8000-000000000008', 'MRI', '/ˌɛm.ɑːrˈaɪ/', 'resonancia magnética',
   'Imaging using a strong magnetic field.', 'Imagen que usa un campo magnético fuerte.',
   'The MRI gives a clear view of soft tissue.', 'La resonancia da una vista clara del tejido blando.', 'radiology', 'intermediate', ARRAY['imaging'], TRUE),
  ('cccc9008-0000-4000-8000-000000000009', 'contrast', '/ˈkɒn.trɑːst/', 'medio de contraste',
   'A substance that improves imaging visibility.', 'Sustancia que mejora la visibilidad en las imágenes.',
   'Are you allergic to contrast?', '¿Es alérgico al contraste?', 'radiology', 'advanced', ARRAY['imaging'], TRUE),
  ('cccc9008-0000-4000-8000-000000000010', 'elevated', '/ˈɛl.ɪ.veɪ.tɪd/', 'elevado',
   'Higher than the normal value.', 'Más alto que el valor normal.',
   'Your glucose is slightly elevated.', 'Su glucosa está un poco elevada.', 'laboratory', 'intermediate', ARRAY['results'], TRUE),
  ('cccc9008-0000-4000-8000-000000000011', 'noninvasive', '/ˌnɒn.ɪnˈveɪ.sɪv/', 'no invasivo',
   'Not requiring entry into the body.', 'Que no requiere penetrar el cuerpo.',
   'An ultrasound is a noninvasive test.', 'El ultrasonido es una prueba no invasiva.', 'procedures', 'advanced', ARRAY['imaging'], TRUE),
  ('cccc9008-0000-4000-8000-000000000012', 'results', '/rɪˈzʌlts/', 'resultados',
   'The findings of a test.', 'Los hallazgos de una prueba.',
   'Your results will be ready tomorrow.', 'Sus resultados estarán listos mañana.', 'laboratory', 'beginner', ARRAY['results'], TRUE),
  -- Module 9: Diagnosis & Treatment
  ('cccc9009-0000-4000-8000-000000000001', 'diagnosis', '/ˌdaɪ.əɡˈnoʊ.sɪs/', 'diagnóstico',
   'Identification of a disease or condition.', 'Identificación de una enfermedad o condición.',
   'The diagnosis is type 2 diabetes.', 'El diagnóstico es diabetes tipo 2.', 'general', 'intermediate', ARRAY['diagnosis'], TRUE),
  ('cccc9009-0000-4000-8000-000000000002', 'prognosis', '/prɒɡˈnoʊ.sɪs/', 'pronóstico',
   'The likely course and outcome of a condition.', 'El curso y desenlace probables de una condición.',
   'The prognosis is good with treatment.', 'El pronóstico es bueno con tratamiento.', 'general', 'advanced', ARRAY['prognosis'], TRUE),
  ('cccc9009-0000-4000-8000-000000000003', 'treatable', '/ˈtriː.tə.bəl/', 'tratable',
   'Able to be managed or cured.', 'Que se puede manejar o curar.',
   'It is a treatable condition.', 'Es una condición tratable.', 'general', 'intermediate', ARRAY['treatment'], TRUE),
  ('cccc9009-0000-4000-8000-000000000004', 'treatment', '/ˈtriːt.mənt/', 'tratamiento',
   'Medical care given for a condition.', 'Atención médica dada para una condición.',
   'We will start treatment today.', 'Comenzaremos el tratamiento hoy.', 'general', 'beginner', ARRAY['treatment'], TRUE),
  ('cccc9009-0000-4000-8000-000000000005', 'risks', '/rɪsks/', 'riesgos',
   'The chances of harm from a treatment.', 'Las probabilidades de daño de un tratamiento.',
   'Every treatment has risks and benefits.', 'Todo tratamiento tiene riesgos y beneficios.', 'general', 'intermediate', ARRAY['treatment'], TRUE),
  ('cccc9009-0000-4000-8000-000000000006', 'benefits', '/ˈbɛn.ɪ.fɪts/', 'beneficios',
   'The good effects expected from a treatment.', 'Los efectos buenos esperados de un tratamiento.',
   'The benefits outweigh the risks here.', 'Aquí los beneficios superan los riesgos.', 'general', 'intermediate', ARRAY['treatment'], TRUE),
  ('cccc9009-0000-4000-8000-000000000007', 'informed consent', '/ɪnˈfɔːrmd kənˈsɛnt/', 'consentimiento informado',
   'Agreement to treatment after understanding it.', 'Acuerdo al tratamiento tras comprenderlo.',
   'Please sign the informed consent form.', 'Por favor firme el consentimiento informado.', 'general', 'advanced', ARRAY['consent'], TRUE),
  ('cccc9009-0000-4000-8000-000000000008', 'procedure', '/prəˈsiː.dʒər/', 'procedimiento',
   'A medical operation or intervention.', 'Una operación o intervención médica.',
   'The procedure takes about an hour.', 'El procedimiento dura alrededor de una hora.', 'procedures', 'intermediate', ARRAY['consent'], TRUE),
  ('cccc9009-0000-4000-8000-000000000009', 'withdraw', '/wɪðˈdrɔː/', 'retirar',
   'To take back consent or participation.', 'Retirar el consentimiento o la participación.',
   'You can withdraw your consent at any time.', 'Puede retirar su consentimiento en cualquier momento.', 'general', 'advanced', ARRAY['consent'], TRUE),
  ('cccc9009-0000-4000-8000-000000000010', 'alternatives', '/ɔːlˈtɜːr.nə.tɪvz/', 'alternativas',
   'Other options to a proposed treatment.', 'Otras opciones a un tratamiento propuesto.',
   'Let us discuss the alternatives.', 'Analicemos las alternativas.', 'general', 'advanced', ARRAY['treatment'], TRUE),
  ('cccc9009-0000-4000-8000-000000000011', 'prescribe', '/prɪˈskraɪb/', 'recetar',
   'To order a medication for a patient.', 'Ordenar un medicamento para un paciente.',
   'I will prescribe an antibiotic.', 'Le recetaré un antibiótico.', 'pharmacology', 'intermediate', ARRAY['treatment'], TRUE),
  ('cccc9009-0000-4000-8000-000000000012', 'follow-up', '/ˈfɒl.oʊ.ʌp/', 'seguimiento',
   'A later visit to check progress.', 'Una visita posterior para revisar el progreso.',
   'Let us schedule a follow-up in two weeks.', 'Programemos un seguimiento en dos semanas.', 'general', 'beginner', ARRAY['closing'], TRUE),
  -- Module 10: Clinical cases & review
  ('cccc9010-0000-4000-8000-000000000001', 'chief complaint', '/tʃiːf kəmˈpleɪnt/', 'motivo de consulta',
   'The main reason a patient seeks care.', 'La razón principal por la que un paciente busca atención.',
   'What is your chief complaint today?', '¿Cuál es su motivo de consulta hoy?', 'general', 'intermediate', ARRAY['intake'], TRUE),
  ('cccc9010-0000-4000-8000-000000000002', 'workup', '/ˈwɜːrk.ʌp/', 'estudio / abordaje diagnóstico',
   'The set of tests done to reach a diagnosis.', 'El conjunto de pruebas para llegar a un diagnóstico.',
   'We will begin the workup with blood tests.', 'Comenzaremos el abordaje con análisis de sangre.', 'general', 'advanced', ARRAY['diagnosis'], TRUE),
  ('cccc9010-0000-4000-8000-000000000003', 'discharge', '/ˈdɪs.tʃɑːrdʒ/', 'alta',
   'Releasing a patient from care.', 'Dar salida a un paciente de la atención.',
   'You will be ready for discharge tomorrow.', 'Estará listo para el alta mañana.', 'general', 'intermediate', ARRAY['closing'], TRUE),
  ('cccc9010-0000-4000-8000-000000000004', 'return precautions', '/rɪˈtɜːrn prɪˈkɔː.ʃənz/', 'signos de alarma para regresar',
   'Warning signs that should prompt a return visit.', 'Señales de alarma que deben motivar el regreso.',
   'I will explain the return precautions before you go.', 'Le explicaré los signos de alarma antes de irse.', 'general', 'advanced', ARRAY['closing'], TRUE),
  ('cccc9010-0000-4000-8000-000000000005', 'saturation', '/ˌsætʃ.əˈreɪ.ʃən/', 'saturación',
   'The percentage of oxygen in the blood.', 'El porcentaje de oxígeno en la sangre.',
   'Your oxygen saturation is ninety-eight percent.', 'Su saturación de oxígeno es del noventa y ocho por ciento.', 'general', 'advanced', ARRAY['vitals'], TRUE),
  ('cccc9010-0000-4000-8000-000000000006', 'tenderness', '/ˈtɛn.dər.nəs/', 'sensibilidad / dolor al tacto',
   'Pain felt when an area is touched.', 'Dolor que se siente al tocar una zona.',
   'There is tenderness in the lower right abdomen.', 'Hay sensibilidad en el abdomen inferior derecho.', 'pathology', 'advanced', ARRAY['exam'], TRUE),
  ('cccc9010-0000-4000-8000-000000000007', 'episode', '/ˈɛp.ɪ.soʊd/', 'episodio',
   'A single occurrence of symptoms.', 'Una sola ocurrencia de síntomas.',
   'Have you had any episodes of low blood sugar?', '¿Ha tenido episodios de azúcar baja?', 'general', 'intermediate', ARRAY['history'], TRUE),
  ('cccc9010-0000-4000-8000-000000000008', 'reading', '/ˈriː.dɪŋ/', 'lectura / medición',
   'A measured value, as of blood sugar.', 'Un valor medido, como el de azúcar en sangre.',
   'How have your blood sugar readings been?', '¿Cómo han estado sus mediciones de azúcar?', 'general', 'beginner', ARRAY['monitoring'], TRUE),
  ('cccc9010-0000-4000-8000-000000000009', 'concern', '/kənˈsɜːrn/', 'preocupación / motivo',
   'A worry or main issue a patient raises.', 'Una inquietud o asunto principal del paciente.',
   'What is your main concern today?', '¿Cuál es su principal preocupación hoy?', 'general', 'beginner', ARRAY['intake'], TRUE),
  ('cccc9010-0000-4000-8000-000000000010', 'reassure', '/ˌriː.əˈʃʊər/', 'tranquilizar',
   'To ease a patient''s worry with calm words.', 'Aliviar la preocupación del paciente con palabras calmadas.',
   'I want to reassure you that this is treatable.', 'Quiero tranquilizarlo: esto es tratable.', 'general', 'advanced', ARRAY['communication'], TRUE)
ON CONFLICT (id) DO NOTHING;

-- Lesson ↔ vocabulary links ---------------------------------------------------
INSERT INTO lesson_vocabulary (lesson_id, vocabulary_id, sort_order)
VALUES
  ('cccc0701-0000-4000-8000-000000000000', 'cccc9007-0000-4000-8000-000000000001', 0),
  ('cccc0701-0000-4000-8000-000000000000', 'cccc9007-0000-4000-8000-000000000002', 1),
  ('cccc0701-0000-4000-8000-000000000000', 'cccc9007-0000-4000-8000-000000000012', 2),
  ('cccc0702-0000-4000-8000-000000000000', 'cccc9007-0000-4000-8000-000000000003', 0),
  ('cccc0702-0000-4000-8000-000000000000', 'cccc9007-0000-4000-8000-000000000004', 1),
  ('cccc0702-0000-4000-8000-000000000000', 'cccc9007-0000-4000-8000-000000000005', 2),
  ('cccc0703-0000-4000-8000-000000000000', 'cccc9007-0000-4000-8000-000000000006', 0),
  ('cccc0703-0000-4000-8000-000000000000', 'cccc9007-0000-4000-8000-000000000011', 1),
  ('cccc0704-0000-4000-8000-000000000000', 'cccc9007-0000-4000-8000-000000000007', 0),
  ('cccc0704-0000-4000-8000-000000000000', 'cccc9007-0000-4000-8000-000000000008', 1),
  ('cccc0704-0000-4000-8000-000000000000', 'cccc9007-0000-4000-8000-000000000009', 2),
  ('cccc0705-0000-4000-8000-000000000000', 'cccc9007-0000-4000-8000-000000000010', 0),
  ('cccc0801-0000-4000-8000-000000000000', 'cccc9008-0000-4000-8000-000000000001', 0),
  ('cccc0801-0000-4000-8000-000000000000', 'cccc9008-0000-4000-8000-000000000002', 1),
  ('cccc0801-0000-4000-8000-000000000000', 'cccc9008-0000-4000-8000-000000000003', 2),
  ('cccc0802-0000-4000-8000-000000000000', 'cccc9008-0000-4000-8000-000000000004', 0),
  ('cccc0802-0000-4000-8000-000000000000', 'cccc9008-0000-4000-8000-000000000005', 1),
  ('cccc0803-0000-4000-8000-000000000000', 'cccc9008-0000-4000-8000-000000000006', 0),
  ('cccc0803-0000-4000-8000-000000000000', 'cccc9008-0000-4000-8000-000000000007', 1),
  ('cccc0803-0000-4000-8000-000000000000', 'cccc9008-0000-4000-8000-000000000008', 2),
  ('cccc0803-0000-4000-8000-000000000000', 'cccc9008-0000-4000-8000-000000000009', 3),
  ('cccc0804-0000-4000-8000-000000000000', 'cccc9008-0000-4000-8000-000000000010', 0),
  ('cccc0804-0000-4000-8000-000000000000', 'cccc9008-0000-4000-8000-000000000012', 1),
  ('cccc0805-0000-4000-8000-000000000000', 'cccc9008-0000-4000-8000-000000000011', 0),
  ('cccc0901-0000-4000-8000-000000000000', 'cccc9009-0000-4000-8000-000000000001', 0),
  ('cccc0902-0000-4000-8000-000000000000', 'cccc9009-0000-4000-8000-000000000002', 0),
  ('cccc0902-0000-4000-8000-000000000000', 'cccc9009-0000-4000-8000-000000000003', 1),
  ('cccc0903-0000-4000-8000-000000000000', 'cccc9009-0000-4000-8000-000000000004', 0),
  ('cccc0903-0000-4000-8000-000000000000', 'cccc9009-0000-4000-8000-000000000005', 1),
  ('cccc0903-0000-4000-8000-000000000000', 'cccc9009-0000-4000-8000-000000000006', 2),
  ('cccc0903-0000-4000-8000-000000000000', 'cccc9009-0000-4000-8000-000000000010', 3),
  ('cccc0904-0000-4000-8000-000000000000', 'cccc9009-0000-4000-8000-000000000007', 0),
  ('cccc0904-0000-4000-8000-000000000000', 'cccc9009-0000-4000-8000-000000000008', 1),
  ('cccc0904-0000-4000-8000-000000000000', 'cccc9009-0000-4000-8000-000000000009', 2),
  ('cccc0905-0000-4000-8000-000000000000', 'cccc9009-0000-4000-8000-000000000011', 0),
  ('cccc0905-0000-4000-8000-000000000000', 'cccc9009-0000-4000-8000-000000000012', 1),
  ('cccc1001-0000-4000-8000-000000000000', 'cccc9010-0000-4000-8000-000000000002', 0),
  ('cccc1001-0000-4000-8000-000000000000', 'cccc9010-0000-4000-8000-000000000006', 1),
  ('cccc1002-0000-4000-8000-000000000000', 'cccc9010-0000-4000-8000-000000000005', 0),
  ('cccc1003-0000-4000-8000-000000000000', 'cccc9010-0000-4000-8000-000000000007', 0),
  ('cccc1003-0000-4000-8000-000000000000', 'cccc9010-0000-4000-8000-000000000008', 1),
  ('cccc1004-0000-4000-8000-000000000000', 'cccc9010-0000-4000-8000-000000000001', 0),
  ('cccc1004-0000-4000-8000-000000000000', 'cccc9010-0000-4000-8000-000000000009', 1),
  ('cccc1005-0000-4000-8000-000000000000', 'cccc9010-0000-4000-8000-000000000003', 0),
  ('cccc1005-0000-4000-8000-000000000000', 'cccc9010-0000-4000-8000-000000000004', 1),
  ('cccc1005-0000-4000-8000-000000000000', 'cccc9010-0000-4000-8000-000000000010', 2)
ON CONFLICT DO NOTHING;
